INSERT INTO socialnetwork.user_details (id, image_path, city, country, about) VALUES (1, '75223819_962008580835824_3801574638585118720_n.jpg', 'Sofia', 'Bulgaria', 'Not specified');
INSERT INTO socialnetwork.user_details (id, image_path, city, country, about) VALUES (2, '77177525_1175426775981258_1398588978193498112_n.png', 'Not specified', 'Not specified', 'Not specified');
INSERT INTO socialnetwork.user_details (id, image_path, city, country, about) VALUES (3, 'user.png', 'Varna', 'Bulgaria', 'Not specified');
INSERT INTO socialnetwork.user_details (id, image_path, city, country, about) VALUES (4, 'sample1.jpg', 'Not specified', 'Not specified', 'Not specified');
INSERT INTO socialnetwork.user_details (id, image_path, city, country, about) VALUES (5, '69526499_539518780220806_3323797425696538624_n.jpg', 'Not specified', 'Not specified', 'Not specified');
INSERT INTO socialnetwork.user_details (id, image_path, city, country, about) VALUES (6, 'user_woman.png', 'Not specified', 'Not specified', 'Not specified');
INSERT INTO socialnetwork.user_details (id, image_path, city, country, about) VALUES (7, 'sample4.jpg', 'Not specified', 'Not specified', 'Not specified');
INSERT INTO socialnetwork.user_details (id, image_path, city, country, about) VALUES (8, '70161517_422128325120283_910683781449383936_n.jpg', 'Not specified', 'Not specified', 'Not specified');
INSERT INTO socialnetwork.user_details (id, image_path, city, country, about) VALUES (9, '76732205_760893004337392_262728552565178368_n.jpg', 'Not specified', 'Not specified', 'Not specified');
INSERT INTO socialnetwork.user_details (id, image_path, city, country, about) VALUES (10, '74649834_464021141135044_7986887596997345280_n.jpg', 'Sofia', 'Bulgaria', 'Not specified');
INSERT INTO socialnetwork.user_details (id, image_path, city, country, about) VALUES (13, 'user.png', 'Not specified', 'Not specified', 'Not specified');
INSERT INTO socialnetwork.user_details (id, image_path, city, country, about) VALUES (15, 'user.png', 'Not specified', 'Not specified', 'Not specified');
INSERT INTO socialnetwork.user_details (id, image_path, city, country, about) VALUES (16, '75291724_541590163339996_7219351407621570560_n.jpg', 'Not specified', 'Not specified', 'Not specified');

INSERT INTO socialnetwork.users (id, first_name, last_name, username, password, gender, enabled, user_details_id) VALUES (3, 'Malin', 'Hadzhiev', 'malin.hadjiev@abv.bg', '$2a$10$cMw2D.hdjNY3g1fCRi31MuDnq1MwISiSU1GJExG4ZZNLp2r627B.K', 'Male', 1, 1);
INSERT INTO socialnetwork.users (id, first_name, last_name, username, password, gender, enabled, user_details_id) VALUES (4, 'Simon', 'Kralev', 'simon@abv.bg', '$2a$10$Bb.zuTZUZ/nWfxhXzqcY/.7PT.YEdd9M9lX7wQav0g6zM66U7Dcx.', 'Male', 1, 2);
INSERT INTO socialnetwork.users (id, first_name, last_name, username, password, gender, enabled, user_details_id) VALUES (5, 'Teodor', 'Ivanov', 'teo@abv.bg', '$2a$10$8zrT1binT56jMQG4uNcu8OaQ337hiSI68xsQNEBDkFmxT46e9r8ue', 'Male', 1, 3);
INSERT INTO socialnetwork.users (id, first_name, last_name, username, password, gender, enabled, user_details_id) VALUES (6, 'Rob', 'Walters', 'rob@abv.bg', '$2a$10$c4rqdVFBtkXG4oJMjU8r1OpsZ/TkFxd7xWc3tfNXkc0nQHXsM.caa', 'Male', 1, 4);
INSERT INTO socialnetwork.users (id, first_name, last_name, username, password, gender, enabled, user_details_id) VALUES (7, 'Kevin', 'Brown', 'kevin@abv.bg', '$2a$10$Ch7h51zn3mJvoYvm0rWJiuOw..89fvT8gOuYXNIUNK7wkkaQ8Z3mW', 'Male', 1, 5);
INSERT INTO socialnetwork.users (id, first_name, last_name, username, password, gender, enabled, user_details_id) VALUES (8, 'Mary', 'Gibson', 'magi@abv.bg', '$2a$10$Evp6di2gB75ZW4TQqfQp5ur88B/i5b5hHmxX0U5r4YwjDSq9onrZC', 'Female', 1, 6);
INSERT INTO socialnetwork.users (id, first_name, last_name, username, password, gender, enabled, user_details_id) VALUES (9, 'Elizabeth', 'Diaz', 'eli@abv.bg', '$2a$10$HOv9.sJRncTBZ1qU6.XUke4OltxsBbUDgbE.ommecy0iSOLd6ubxe', 'Female', 1, 7);
INSERT INTO socialnetwork.users (id, first_name, last_name, username, password, gender, enabled, user_details_id) VALUES (10, 'Marta', 'Smith', 'marta@abv.bg', '$2a$10$rtdCLpkuvJa6TjPFOmjAKe85ef2bCebk32kPhlbPIH8OVAFuxGAK.', 'Female', 1, 8);
INSERT INTO socialnetwork.users (id, first_name, last_name, username, password, gender, enabled, user_details_id) VALUES (11, 'Jae', 'Pak', 'jae@abv.bg', '$2a$10$RtBASdfqivkl0/3XNwOZjOb5poMxhU0grRfAn1EuHsKL4GCs81Uda', 'Female', 1, 9);
INSERT INTO socialnetwork.users (id, first_name, last_name, username, password, gender, enabled, user_details_id) VALUES (12, 'Pamela', 'Ilieva', 'pamela@abv.bg', '$2a$10$ZcUTBRpioDmQMFDM7fhg1uojAWvNZ7Fy09bkTWv4oD4yL4PU30j6q', 'Female', 1, 10);
INSERT INTO socialnetwork.users (id, first_name, last_name, username, password, gender, enabled, user_details_id) VALUES (17, 'Vesela', 'Koceva', 'vesi@abv.bg', '$2a$10$zIs6zwOkdVpX0S8vbLGyee2RC//BEvvZTxyJwsE1U5oY8DetjvEma', 'Male', 1, 15);
INSERT INTO socialnetwork.users (id, first_name, last_name, username, password, gender, enabled, user_details_id) VALUES (18, 'Stilqn', 'Stoqnov', 'stilqn@abv.bg', '$2a$10$00ScdLnBspKGj8/4wec1denXAGE1IAYx1E3oI5zJPER.wuEflOLee', 'Male', 1, 16);

INSERT INTO socialnetwork.authorities (authority, username) VALUES ('ROLE_ADMIN', 'malin.hadjiev@abv.bg');
INSERT INTO socialnetwork.authorities (authority, username) VALUES ('ROLE_USER', 'simon@abv.bg');
INSERT INTO socialnetwork.authorities (authority, username) VALUES ('ROLE_USER', 'rob@abv.bg');
INSERT INTO socialnetwork.authorities (authority, username) VALUES ('ROLE_USER', 'kevin@abv.bg');
INSERT INTO socialnetwork.authorities (authority, username) VALUES ('ROLE_USER', 'magi@abv.bg');
INSERT INTO socialnetwork.authorities (authority, username) VALUES ('ROLE_USER', 'eli@abv.bg');
INSERT INTO socialnetwork.authorities (authority, username) VALUES ('ROLE_USER', 'marta@abv.bg');
INSERT INTO socialnetwork.authorities (authority, username) VALUES ('ROLE_USER', 'jae@abv.bg');
INSERT INTO socialnetwork.authorities (authority, username) VALUES ('ROLE_USER', 'pamela@abv.bg');
INSERT INTO socialnetwork.authorities (authority, username) VALUES ('ROLE_USER', 'vesi@abv.bg');
INSERT INTO socialnetwork.authorities (authority, username) VALUES ('ROLE_USER', 'stilqn@abv.bg');

INSERT INTO socialnetwork.posts (id, content, is_public, post_date, user_id) VALUES (1, '"Lorem ipsum dolor sit amet, consectetur adipiscing elit, sed do eiusmod tempor incididunt ut labore et dolore magna aliqua. Ut enim ad minim veniam, quis nostrud exercitation ullamco laboris nisi ut aliquip ex ea commodo consequat. Duis aute irure dolor in reprehenderit in voluptate velit esse cillum dolore eu fugiat nulla pariatur. Excepteur sint occaecat cupidatat non proident, sunt in culpa qui officia deserunt mollit anim id est laborum."', 0, '2019-11-13 19:16:14', 3);
INSERT INTO socialnetwork.posts (id, content, is_public, post_date, user_id) VALUES (3, 'Cursus mattis molestie a iaculis at erat pellentesque adipiscing commodo. Pellentesque id nibh tortor id aliquet lectus proin nibh. Integer enim neque volutpat ac tincidunt vitae semper quis. Nisl purus in mollis nunc sed id semper. Nunc scelerisque viverra mauris in aliquam. Quis blandit turpis cursus in hac habitasse platea. Cursus sit amet dictum sit. Aliquet porttitor lacus luctus accumsan tortor posuere ac ut. Nunc vel risus commodo viverra maecenas accumsan lacus vel. Magnis dis parturient montes nascetur ridiculus mus mauris vitae. Erat pellentesque adipiscing commodo elit at imperdiet dui accumsan sit. Nisl pretium fusce id velit ut tortor pretium viverra suspendisse. Consectetur adipiscing elit ut aliquam purus sit amet luctus. Feugiat nisl pretium fusce id velit.', 0, '2019-11-13 19:28:57', 12);
INSERT INTO socialnetwork.posts (id, content, is_public, post_date, user_id) VALUES (4, 'Lorem ipsum dolor sit amet, consectetur adipiscing elit, sed do eiusmod tempor incididunt ut labore et dolore magna aliqua. Ornare arcu dui vivamus arcu. Molestie ac feugiat sed lectus. Enim ut tellus elementum sagittis. Eu nisl nunc mi ipsum faucibus vitae aliquet. Neque convallis a cras semper auctor. Eget est lorem ipsum dolor sit. Scelerisque eleifend donec pretium vulputate sapien nec sagittis aliquam malesuada. Proin nibh nisl condimentum id venenatis a condimentum vitae. Sociis natoque penatibus et magnis dis parturient montes nascetur ridiculus. Quis ipsum suspendisse ultrices gravida dictum. ', 0, '2019-11-13 19:34:09', 11);
INSERT INTO socialnetwork.posts (id, content, is_public, post_date, user_id) VALUES (7, 'Duis aute irure dolor in reprehenderit in voluptate velit esse cillum dolore eu fugiat nulla pariatur. Excepteur sint occaecat cupidatat non proident, sunt in culpa qui officia deserunt mollit anim id est laborum."', 0, '2019-11-13 21:20:46', 7);
INSERT INTO socialnetwork.posts (id, content, is_public, post_date, user_id) VALUES (8, 'Erat pellentesque adipiscing commodo elit at imperdiet dui accumsan sit. Nisl pretium fusce id velit ut tortor pretium viverra suspendisse. Consectetur adipiscing elit ut aliquam purus sit amet luctus. Feugiat nisl pretium fusce id velit.', 0, '2019-11-13 21:27:40', 9);

INSERT INTO socialnetwork.likes (id, user_id, post_id) VALUES (5, 12, 1);
INSERT INTO socialnetwork.likes (id, user_id, post_id) VALUES (6, 11, 3);
INSERT INTO socialnetwork.likes (id, user_id, post_id) VALUES (8, 11, 1);
INSERT INTO socialnetwork.likes (id, user_id, post_id) VALUES (20, 10, 1);
INSERT INTO socialnetwork.likes (id, user_id, post_id) VALUES (21, 10, 3);
INSERT INTO socialnetwork.likes (id, user_id, post_id) VALUES (22, 18, 1);
INSERT INTO socialnetwork.likes (id, user_id, post_id) VALUES (23, 18, 3);
INSERT INTO socialnetwork.likes (id, user_id, post_id) VALUES (24, 18, 4);
INSERT INTO socialnetwork.likes (id, user_id, post_id) VALUES (25, 11, 4);
INSERT INTO socialnetwork.likes (id, user_id, post_id) VALUES (26, 9, 4);
INSERT INTO socialnetwork.likes (id, user_id, post_id) VALUES (27, 9, 3);
INSERT INTO socialnetwork.likes (id, user_id, post_id) VALUES (29, 9, 1);
INSERT INTO socialnetwork.likes (id, user_id, post_id) VALUES (30, 9, 7);
INSERT INTO socialnetwork.likes (id, user_id, post_id) VALUES (31, 9, 8);

INSERT INTO socialnetwork.comments (id, content, comment_date, user_id, post_id) VALUES (3, 'Cursus euismod quis viverra nibh cras pulvinar mattis. Velit dignissim sodales ut eu sem integer vitae justo eget.', '2019-11-13 19:29:59', 12, 1);
INSERT INTO socialnetwork.comments (id, content, comment_date, user_id, post_id) VALUES (7, ' Feugiat nisl pretium fusce id velit.', '2019-11-13 21:22:08', 4, 3);
INSERT INTO socialnetwork.comments (id, content, comment_date, user_id, post_id) VALUES (8, 'Ut enim ad minim veniam.', '2019-11-13 21:22:45', 4, 1);
INSERT INTO socialnetwork.comments (id, content, comment_date, user_id, post_id) VALUES (9, 'Quis blandit turpis cursus in hac habitasse platea.', '2019-11-13 21:26:37', 9, 4);

INSERT INTO socialnetwork.connections (id, first_user_id, second_user_id, status) VALUES (1, 3, 4, 0);
INSERT INTO socialnetwork.connections (id, first_user_id, second_user_id, status) VALUES (2, 3, 5, 0);
INSERT INTO socialnetwork.connections (id, first_user_id, second_user_id, status) VALUES (3, 3, 6, 0);
INSERT INTO socialnetwork.connections (id, first_user_id, second_user_id, status) VALUES (4, 3, 7, 0);
INSERT INTO socialnetwork.connections (id, first_user_id, second_user_id, status) VALUES (5, 3, 12, 1);
INSERT INTO socialnetwork.connections (id, first_user_id, second_user_id, status) VALUES (6, 3, 11, 0);
INSERT INTO socialnetwork.connections (id, first_user_id, second_user_id, status) VALUES (7, 3, 8, 0);
INSERT INTO socialnetwork.connections (id, first_user_id, second_user_id, status) VALUES (17, 12, 4, 0);
INSERT INTO socialnetwork.connections (id, first_user_id, second_user_id, status) VALUES (18, 12, 8, 0);
INSERT INTO socialnetwork.connections (id, first_user_id, second_user_id, status) VALUES (19, 12, 6, 0);